{
    "Fold_0": {
        "Accuracy": 0.02586206896551724,
        "Precision": 0.0035087719298245615,
        "Recall": 0.043478260869565216,
        "F1 Score": 0.006493506493506495,
        "F2 Score": 0.01326259946949602,
        "Classification Report": "                   precision    recall  f1-score   support\n\nBANKACCOUNTNUMBER       0.00      0.00      0.00         2\n             CITY       0.00      0.00      0.00         4\n          COUNTRY       0.02      0.50      0.03         2\n CREDITCARDNUMBER       0.00      0.00      0.00         1\n              DOB       0.00      0.00      0.00         2\n        FIRSTNAME       0.00      0.00      0.00         1\n         LASTNAME       0.00      0.00      0.00         0\n      PHONENUMBER       0.00      0.00      0.00         1\n              SSN       0.00      0.00      0.00         2\n            STATE       0.00      0.00      0.00         2\n    STREETADDRESS       0.00      0.00      0.00         2\n   WISCONSINTAXID       0.00      0.00      0.00         2\n          ZIPCODE       0.00      0.00      0.00         2\n\n        micro avg       0.00      0.04      0.01        23\n        macro avg       0.00      0.04      0.00        23\n     weighted avg       0.00      0.04      0.00        23\n"
    },
    "Fold_1": {
        "Accuracy": 0.0364963503649635,
        "Precision": 0.0,
        "Recall": 0.0,
        "F1 Score": 0.0,
        "F2 Score": NaN,
        "Classification Report": "                   precision    recall  f1-score   support\n\nBANKACCOUNTNUMBER       0.00      0.00      0.00         1\n             CITY       0.00      0.00      0.00         3\n          COUNTRY       0.00      0.00      0.00         2\n CREDITCARDNUMBER       0.00      0.00      0.00         3\n              DOB       0.00      0.00      0.00         0\n        FIRSTNAME       0.00      0.00      0.00         2\n         LASTNAME       0.00      0.00      0.00         2\n       MIDDLENAME       0.00      0.00      0.00         2\n      PHONENUMBER       0.00      0.00      0.00         2\n              SSN       0.00      0.00      0.00         2\n            STATE       0.00      0.00      0.00         1\n    STREETADDRESS       0.00      0.00      0.00         1\n   WISCONSINTAXID       0.00      0.00      0.00         1\n          ZIPCODE       0.00      0.00      0.00         1\n\n        micro avg       0.00      0.00      0.00        23\n        macro avg       0.00      0.00      0.00        23\n     weighted avg       0.00      0.00      0.00        23\n"
    },
    "Fold_2": {
        "Accuracy": 0.05351170568561873,
        "Precision": 0.0,
        "Recall": 0.0,
        "F1 Score": 0.0,
        "F2 Score": NaN,
        "Classification Report": "                   precision    recall  f1-score   support\n\nBANKACCOUNTNUMBER       0.00      0.00      0.00         1\n             CITY       0.00      0.00      0.00         3\n          COUNTRY       0.00      0.00      0.00         0\n CREDITCARDNUMBER       0.00      0.00      0.00         1\n              DOB       0.00      0.00      0.00         2\n        FIRSTNAME       0.00      0.00      0.00         1\n         LASTNAME       0.00      0.00      0.00         0\n       MIDDLENAME       0.00      0.00      0.00         0\n      PHONENUMBER       0.00      0.00      0.00         1\n              SSN       0.00      0.00      0.00         3\n            STATE       0.00      0.00      0.00         3\n    STREETADDRESS       0.00      0.00      0.00         3\n   WISCONSINTAXID       0.00      0.00      0.00         1\n          ZIPCODE       0.00      0.00      0.00         3\n\n        micro avg       0.00      0.00      0.00        22\n        macro avg       0.00      0.00      0.00        22\n     weighted avg       0.00      0.00      0.00        22\n"
    }
}